DATE,HEADLINE
"Monday January 28, 2019 ",Japanese Government Plans To Hack Into Citizens' IoT Devices
"Tuesday January 22, 2019 ",Ubuntu Core 18 Released for IoT devices
"Friday December 28, 2018 ","Everything We Knew About Fuchsia's UI, Armadillo, Is Gone"
"Saturday November 03, 2018 ","iRobot, Google Team Up To Understand Your Smart Home"
"Monday October 15, 2018 ",Rivals ARM and Intel Make Peace To Secure Internet of Things
"Friday October 12, 2018 ",A Future Where Everything Becomes a Computer Is As Creepy As You Feared
"Friday September 28, 2018 ",California Becomes First State With an IoT Cybersecurity Law
"Saturday September 22, 2018 ",Researchers Create 'Spray-On' 2D Antennas
"Friday September 21, 2018 ",Amazon Is Making It Easier To Set Up New IoT Gadgets
"Friday September 07, 2018 ","We Must Slow Innovation in Internet-Connected Things, Says Bruce Schneier"
"Thursday July 26, 2018 ",Bugs In Samsung IoT Hub Leave Smart Home Open To Attack
"Sunday July 22, 2018 ","IoT Security Flaw Leaves 496 Million Devices Vulnerable At Businesses, Report Says"
"Thursday July 19, 2018 ",Chinese Hackers Targeted IoT During Trump-Putin Summit
"Sunday July 15, 2018 ",Passwords For Tens of Thousands of Dahua Devices Cached In IoT Search Engine
"Monday June 25, 2018 ","Smart Lights, Speakers, Thermostats, Cameras and Other IoT Devices Are Being Increasingly Used as a Means For Harassment, Monitoring, and Revenge"
"Tuesday June 19, 2018 ",Kickstarter Bets On 'Wired' Arduino-Compatible IoT Platform
"Friday May 25, 2018 ","Vulnerability in Z-Wave Wireless Communications Protocol, Used By Some IoT and Smart Devices, Exposes 100 Million Devices To Attack"
"Friday May 18, 2018 ",The Internet of Trash: IoT Has a Looming E-Waste Problem
"Monday May 07, 2018 ",Google Says Android Things is Finally Ready For Smart Devices
"Monday April 16, 2018 ",Microsoft Built Its Own Custom Linux Kernel For Its New IoT Service
"Monday April 16, 2018 ",Hackers Stole a Casino's High-Roller Database Through a Thermometer in the Lobby Fish Tank
"Friday March 09, 2018 ",FCC Accuses Stealthy Startup of Launching Rogue Satellites
"Thursday January 25, 2018 ",Researchers Warn of Physics-Based Attacks On Sensors
"Wednesday December 27, 2017 ","Piracy Notices Can Mess With Your Thermostat, ISP Warns"
"Wednesday December 13, 2017 ",Avast Launches Open-Source Decompiler For Machine Code
"Wednesday December 13, 2017 ","Author of BrickerBot Malware Retires, Says He Bricked 10 Million IoT Devices"
"Monday November 20, 2017 ",Why Hackers Reuse Malware
"Wednesday November 15, 2017 ","Consumers Are Holding Off On Buying Smart-Home Gadgets Due To Security, Privacy Fears"
"Friday November 10, 2017 ","Sex Toy Company Admits To Recording Users' Remote Sex Sessions, Calls It a 'Minor Bug'"
"Friday November 10, 2017 ","After Outrage, Logitech Gives Free Upgrade To Owners of Soon To Be Obsolete Device"
"Saturday November 04, 2017 ",Ask Slashdot: Should I Allow A 'Smart TV' To Connect To The Internet?
"Saturday November 04, 2017 ",Experts Propose Standard For IoT Firmware Updates
"Friday October 27, 2017 ",Bug in Mobile App Lets Hackers Take Control of LG Smart Devices
"Saturday October 21, 2017 ",2 Million IoT Devices Enslaved By Fast-Growing BotNet
"Friday September 22, 2017 ","Move Over Connected Cows, the Internet of Bees Is Here"
"Monday August 28, 2017 ",Someone Published a List of Telnet Credentials For Thousands of IoT Devices
"Friday August 25, 2017 ",Who's Responsible For IoT Security?
"Saturday August 12, 2017 ",Hundreds Of Smart Locks Get Bricked By A Buggy Firmware Update
"Friday August 04, 2017 ",Is Microsoft Hustling Us With 'White Spaces'?
"Tuesday July 18, 2017 ",Flaw In IoT Security Cameras Leaves Millions of Devices Open To Hackers
"Wednesday July 05, 2017 ",Linux Is Not As Safe As You Think
"Tuesday July 04, 2017 ",Intel To Cut IoT Jobs
"Monday June 26, 2017 ",'Infarm' Startup Wants To Put a Farm In Every Grocery Store
"Friday June 23, 2017 ",Samsung Begins Production For Its First Internet of Things-optimised Exynos Processor
"Wednesday June 21, 2017 ","If It Uses Electricity, It Will Connect To the Internet: F-Secure's CRO"
"Friday June 16, 2017 ",Firm Responsible For Mirai-Infected Webcams Hires Software Firm To Make Its Products More Secure
"Sunday June 11, 2017 ",The Internet Of Things Is Becoming More Difficult To Escape
"Thursday May 11, 2017 ",Director of National Intelligence Warns of IoT Security Threats
"Wednesday May 10, 2017 ","New IoT Malware Targets 100,000 IP Cameras Via Known Flaw"
"Friday May 05, 2017 ",Walmart Wants To Put Sensors On Everything So It Can Automatically Order You Stuff
"Sunday April 30, 2017 ",A Sophisticated Grey Hat Vigilante Protects Insecure IoT Devices
"Friday April 28, 2017 ",The Internet-of-Things is Maturing
"Tuesday April 25, 2017 ",US ISP Goes Down As Two Malware Families Go To War Over Its Modems
"Tuesday April 25, 2017 ","BrickerBot, the Permanent Denial-of-Service Botnet, Is Back With a Vengeance"
"Monday April 24, 2017 ",The Linux Foundation Launches IoT-focused Open Source EdgeX Foundry
"Wednesday April 19, 2017 ",Silicon Valley's $400 Juicer May Be Feeling the Squeeze
"Thursday April 06, 2017 ",New Destructive Malware Intentionally Bricks IoT Devices
"Tuesday April 04, 2017 ",IoT Garage Door Opener Maker Bricks Customer's Product After Bad Review
"Saturday March 18, 2017 ","Bruce Schneier Calls for IoT Legislation, Argues The Internet Is Becoming One Giant Robot"
"Sunday March 05, 2017 ",Hidden Backdoor Discovered In Chinese IoT Devices
"Tuesday February 28, 2017 ","CloudPets IoT Toys Leaked and Ransomed, Exposing Kids' Voice Messages"
"Wednesday February 22, 2017 ","GE, Intel, and AT&T Are Putting Cameras and Sensors All Over San Diego"
"Tuesday February 21, 2017 ",GlobalSign Supports Billions of Device Identities In an Effort To Secure the IoT
"Sunday February 19, 2017 ",ZDNet: Linux 'Takes The World' While Windows Dominates The Desktop
"Tuesday February 14, 2017 ",Is IoT a Reason To Learn C?
"Saturday January 28, 2017 ",Who Hacked The Washington D.C. Police Surveillance Cameras?
"Monday January 23, 2017 ",Alexa and Google Assistant Have a Problem: People Aren't Sticking With Voice Apps They Try
"Tuesday January 03, 2017 ","Norton Announces Core, a Smart Router To Protect Domestic IoT Devices"
"Tuesday December 27, 2016 ",FDA Releases New Cybersecurity Guidelines For Medical Devices
"Sunday December 18, 2016 ",Ubuntu Survey Discovers 'Consumers Are Terrible' About Updating Their IoT Devices
"Tuesday December 13, 2016 ",Android Things Is Google's New OS For Smart Devices
"Tuesday December 13, 2016 ",Microsoft To Bring Cortana To IoT Devices With Screens Next Year
"Friday December 09, 2016 ",US Think Tank Wants To Regulate The Design of IoT Devices For Security Purposes
"Thursday December 08, 2016 ",Google Now Lets Developers Write Apps For the Assistant On Google Home
"Thursday December 08, 2016 ",Watchdog Group Claims Smart Toys Are Spying On Kids
"Thursday December 08, 2016 ",Audi Cars Now Talk To Stop Lights In Vegas
"Monday December 05, 2016 ",Windows 10 'Home Hub' Is Microsoft's Response To Amazon Echo and Google Home
"Sunday November 27, 2016 ","You Can Now Rent A Mirai Botnet Of 400,000 Bots"
"Sunday November 20, 2016 ",Ask Slashdot:  Could A 'Smart Firewall' Protect IoT Devices?
"Friday November 18, 2016 ",Internet of Things Set To Change the Face of Dementia Care
"Wednesday November 16, 2016 ",Schneier: We Need a New Agency For IoT Security
"Tuesday November 15, 2016 ",Experts Say Internet 'Mega' Attacks Are on the Rise
"Saturday November 12, 2016 ",Ethernet Consortia Wants To Unlock a More Time-Sensitive Network
"Saturday November 12, 2016 ",Ethernet Consortia Wants To Unlock a More Time-Sensitive Network
"Friday November 11, 2016 ",Russian Banks Floored by Withering DDoS Attacks
"Tuesday November 08, 2016 ",Researchers Hack Philips Hue Smart Bulbs Using a Drone
"Thursday November 03, 2016 ",Windows 10 Updates To Get Much Smaller To Download Thanks To The Unified Update Platform
"Tuesday November 01, 2016 ","New, More-Powerful IoT Botnet Infects 3,500 Devices In 5 Days"
"Thursday October 27, 2016 ",Web Bluetooth Opens New Abusive Channels
"Wednesday October 26, 2016 ",How Vigilante Hackers Could Stop the Internet of Things Botnet
"Wednesday October 26, 2016 ","Dyn DNS DDoS Likely The Work of Script Kiddies, Says FlashPoint"
"Wednesday October 26, 2016 ",Intel Announces Atom E3900 Series - Goldmont for the Internet of Things
"Monday October 24, 2016 ",China Electronics Firm To Recall Some US Products After Hacking Attack
"Sunday October 23, 2016 ",Slashdot Asks: How Can We Prevent Packet-Flooding DDOS Attacks?
"Sunday October 23, 2016 ",Who Should We Blame For Friday's DDOS Attack?
"Saturday October 22, 2016 ",Dyn Executive Responds To Friday's DDOS Attack
"Friday October 21, 2016 ",Mirai and Bashlight Join Forces Against DNS Provider Dyn
"Monday October 17, 2016 ",The Linux Foundation Helps Launch the JS Foundation
"Friday October 14, 2016 ",California City Converts Its Street Lights Into A High-Speed IoT Backbone
"Wednesday October 12, 2016 ",AVTECH Shuns Security Firm and Leaves All Products Vulnerable Without a Patch
"Friday October 07, 2016 ","MITRE Dangles $50,000 Prize For Spotting Rogue Internet of Things Devices"
"Friday October 07, 2016 ",Bruce Schneier: We Need To Save the Internet From the Internet of Things
"Tuesday September 27, 2016 ",OVH Hosting Suffers From Record 1Tbps DDoS Attack Driven By 150K Devices
"Sunday September 25, 2016 ",Ask Slashdot: Is My IoT Device Part of a Botnet?
"Friday September 23, 2016 ",Why the Silencing of KrebsOnSecurity Opens a Troubling Chapter For the Internet
"Sunday September 11, 2016 ",IoT Devices With Default Telnet Passwords Used As Botnet
"Wednesday September 07, 2016 ","Million More Devices Sharing Known Private Keys For HTTPS, SSH Admin"
"Sunday September 04, 2016 ","Microsoft Helps Develop Smart, IoT-Enabled Refrigerators "
"Sunday August 28, 2016 ",How G.E. Is Transforming Into An IoT Start-Up
"Friday August 19, 2016 ","'Smart' Electrical Socket Leaks Your Email Address, Can Launch DDoS Attacks"
"Wednesday August 17, 2016 ",Cisco Reports Fourth-Quarter 2016 Earnings
"Sunday August 14, 2016 ","Hacked Hobbit Pinball Machine Joins IoT, Broadcasts Itself Over Twitch"
"Monday August 08, 2016 ",Hackers Make the First-Ever Ransomware For Smart Thermostats
"Thursday July 14, 2016 ",A Smaller Version of Raspberry Pi 3 Is Coming Soon
"Thursday July 07, 2016 ",Avast Acquires AVG For $1.3 Billion To Create Security Software Giant
"Thursday June 30, 2016 ",Netherlands Gets First Nationwide 'Internet of Things'
"Monday June 27, 2016 ",Google Launches 'Project Bloks' Toys To Teach Kids To Code
"Tuesday June 21, 2016 ",Australian 'Bitcoin Founder' Quietly Bidding For Patent Empire
"Saturday June 11, 2016 ",NSA Couldn't Hack San Bernardino Shooter's iPhone; Now Working On Exploiting IoT
"Friday June 10, 2016 ",Bluetooth 5 With 2x More Range and 4x Better Speed Coming Next Week
"Friday June 03, 2016 ",Nest CEO Tony Fadell Steps Down After Tumultuous Two Years At Google
"Friday June 03, 2016 ",FTC Has Serious Concerns About IoT Security and Privacy
"Wednesday June 01, 2016 ",Report: Average American Will Use 22GB of Mobile Data Per Month In 2021
"Tuesday May 31, 2016 ",Atari Is Going To Build IoT Devices
"Sunday May 29, 2016 ",How The IoT Will Change The Chip
"Thursday May 26, 2016 ",A Third Of New Cellular Customers Last Quarter Were Cars
"Tuesday May 24, 2016 ","Pebble Unveils Pebble 2, Pebble Time 2, and Pebble Core Smartwatches"
"Friday May 20, 2016 ",Ask Slashdot: Can You Have A Smart Home That's Not 'In The Cloud'?
"Friday May 20, 2016 ",Wristband Gives You An Electric Shock When You Overspend
"Friday May 13, 2016 ",Amazon Introduces $20 Dash-Like Button For IoT
"Tuesday May 03, 2016 ",Samsung Smart Home Flaws Let Hackers Pick Connected Doors From Anywhere In the World
"Saturday April 30, 2016 ",Berkeley Researchers Examine Five Worst-Case Security Nightmares
"Friday April 29, 2016 ",White House Releases Report On How To Spur Smart-Gun Technology
"Thursday April 28, 2016 ",Google's OnHub Is First WiFi Router To Support IFTTT
"Wednesday April 27, 2016 ","Intel Declares Independence From PC, Prioritizes Cloud, IoT and 5G Efforts"
"Tuesday April 26, 2016 ",Node.js Version 6 Released With LTS
"Wednesday April 20, 2016 ",Canonical To Release Ubuntu Linux 16.04 LTS 'Xenial Xerus' Tomorrow
"Tuesday April 19, 2016 ","Intel Confirms Major Layoff: 12,000 Worldwide, 11 Percent of Workforce"
"Monday April 18, 2016 ",Smart Mattress With Lover Detection System Will Track Your Partner's Infidelities
"Wednesday April 06, 2016 ",Nest Reminds Customers That Ownership Isn't What It Used To Be
"Tuesday April 05, 2016 ",GE's Move To Boston Could Revive Local Tech Business Ambitions
"Tuesday April 05, 2016 ","Intel Buys Yogitech, Aims To Improve Safety of Autonomous Cars and IoT Systems"
"Tuesday April 05, 2016 ",Alphabet's Nest To Deliberately Brick Revolv Hubs
"Monday April 04, 2016 ",Toyota Teams With Microsoft On Connected Cars
"Saturday April 02, 2016 ",US Military Invests in $320M 'Smart Fabric' Project
"Tuesday March 29, 2016 ",Internet of Seals: Vodafone Connects Marine Mammals To IoT
"Monday March 28, 2016 ",Hacker Weev Admits To Hacking Printers To Spew Racist and Anti-Semitic Messages
"Friday March 25, 2016 ",Layoffs Reflect New Turbulence At High-Flying 3D Robotics
"Monday March 21, 2016 ",The Internet of Things Is a Surveillance Nightmare
"Tuesday March 15, 2016 ",Qualcomm Snapdragon SoC Vulnerability Could Compromise IoT Security
"Saturday March 12, 2016 ",Hotel Experience With Android Lightswitches
"Friday March 11, 2016 ",HPE's Haven OnDemand Offers 'Machine Learning As a Service'
"Friday March 04, 2016 ",Mozilla Jumps On IoT Bandwagon
"Thursday March 03, 2016 ",U8 Smartwatch Engages In Covert Traffic With Chinese IP Behind Your Back
"Monday February 29, 2016 ","Raspberry Pi 3 Rolls Out With Faster CPU, On-Board Wi-Fi, and Bluetooth"
"Monday February 29, 2016 ",IoT Devices Are Secretly Phoning Home
"Tuesday February 23, 2016 ",Indoor LTE Wireless: Not To Be Overlooked At Mobile World Congress
"Sunday February 21, 2016 ","Microsoft, Intel, Samsung, Other Tech Companies Form New IoT Alliance"
"Thursday February 18, 2016 ","Meet Linux's Little Brother Zephyr, a Tiny Open Source IoT RTOS"
"Sunday February 14, 2016 ",Amazon's IoT Hacking Contest Won By Voice-Controlled Drone
"Wednesday February 10, 2016 ",Trane Takes 2 Years To Remove Hard-Coded Root Passwords From IoT Thermostat
"Monday February 08, 2016 ",The Internet of Broken Things
"Sunday February 07, 2016 ",Startup Uses Sensor Networks To Debug Science Experiments
"Thursday February 04, 2016 ",Push To Hack: Reverse Engineering an IP Camera
"Thursday February 04, 2016 ",Cisco To Acquire IoT Company Jasper For $1.4 Billion
"Monday February 01, 2016 ","Harvard: No, Crypto Isn't Making the FBI Go Dark"
"Sunday January 24, 2016 ",Ask Slashdot: Affordable Hardware For Remote-Booting USB Devices?
"Saturday January 23, 2016 ",Sys-Admin Dispenses Passwords With a Banana
"Saturday January 23, 2016 ","IoT Security Is So Bad, There's a Search Engine For Sleeping Kids"
"Thursday January 14, 2016 ",Nest Thermostat Bug Leaves Owners Without Heating
"Monday January 11, 2016 ",New WiFi HaLow Protocol May Bring Old Security Issues With It
"Friday January 08, 2016 ",ESP8266 Basic Interpreter Lowers IoT Entry Bar For Amateur Programmers
"Thursday January 07, 2016 ",Always-Listening IoT Devices Raise Security Policy Questions For the Workplace
"Thursday January 07, 2016 ",CFR China Expert: US Tech Firms Should Worry About Beijing's New Anti-Terror Law
"Sunday December 27, 2015 ","Bruce Schneier: IoT + DMCA = More Monopolies, Limits On Consumer Choice"
"Tuesday December 01, 2015 ","VTech Hack Gets Worse: Chat Logs, Kids' Photos Taken In Breach"
"Thursday November 26, 2015 ","900 Embedded Devices Share Hard-Coded Certs, SSH Host Keys"
"Thursday November 26, 2015 ",Even the Dumbest Ransomware Is Almost Unremovable On Smart TVs
"Sunday November 15, 2015 ",Police Body Cameras Come With Pre-Installed Malware
"Thursday November 12, 2015 ",Bluetooth 2016 Roadmap Brings Fourfold Range Increase and Mesh Networking
"Tuesday November 10, 2015 ",Rural Mississippi: The Land That the Internet Era Forgot
"Monday November 02, 2015 ",How GoDaddy's Quest For Respect Led To an Improbable Partnership With MIT
"Tuesday October 20, 2015 ",Tattling Kettles Help Researchers Crack WiFi Networks In London
"Tuesday October 13, 2015 ",Jamming Wi-Fi With a $15 Dongle
"Thursday October 01, 2015 ",Virginia State Police Cars Hacked
"Tuesday September 29, 2015 ",How Amazon's Robots Move Everything Around
"Monday September 28, 2015 ",EFF: DMCA Hinders Exposing More Software Cheats Like Volkswagen's
"Thursday September 24, 2015 ", Does IoT Data Need Special Regulation?
"Thursday September 17, 2015 ",Book Review: Abusing the Internet of Things 
"Tuesday September 15, 2015 ",Big Pharma Hands Out Fitbits To Collect Better Personal Data
"Tuesday September 15, 2015 ","For Future Wearable Devices, the Network Could Be You"
"Thursday September 10, 2015 ","Despite Reports of Hacking, Baby Monitors Remain Woefully Insecure"
"Thursday August 27, 2015 ","A ""Public Health"" Approach To Internet of Things Security"
"Thursday August 27, 2015 ","Contiki 3.0 Released, Retains Support For Apple II, C64"
"Thursday August 27, 2015 ",Verizon Retrofits Vintage Legacy Vehicles With Smart Features
"Tuesday August 25, 2015 ","Life With the Dash Button: Good Design For Amazon, Bad For Everyone Else"
"Sunday August 23, 2015 ",Why Car Info Tech Is So Thoroughly At Risk
"Saturday August 22, 2015 ",Ubuntu Core Gets Support For Raspberry Pi 2 GPIO and I2C
"Friday August 14, 2015 ",New Rules From the FCC Open Up New Access To Wi-Fi
"Tuesday August 11, 2015 ",BlackBerry Denies QNX Was To Blame In Jeep Cherokee Hack
